Автотюнинг; 4
Автотюнинг/Прицепы Фаркопы; 7
Автотюнинг/Прицепы Фаркопы/Седельные Устройства; 41
Аксессуары; 3
Аксессуары/Набор Автомобилиста; 45
Аксессуары/Набор Автомобилиста/Жилеты; 3460
Аксессуары/Щетки Скребки; 44
Аксессуары/Щетки Скребки/Скребки; 3458
Аксессуары/Щетки Скребки/Щетки; 3457
Жидкости Автохимия; 2
Жидкости Автохимия/Масло и Жидкости; 1114
Жидкости Автохимия/Масло и Жидкости/антифриз; 3441
Жидкости Автохимия/Масло и Жидкости/Герметики; 3447
Жидкости Автохимия/Масло и Жидкости/двигатель масло; 3389
Жидкости Автохимия/Масло и Жидкости/жидкость тормозная; 3197
Жидкости Автохимия/Масло и Жидкости/коробка масло; 3387
Жидкости Автохимия/Масло и Жидкости/масло акпп; 3084
Жидкости Автохимия/Масло и Жидкости/масло гур; 3043
Жидкости Автохимия/Масло и Жидкости/масло моста; 3436
Жидкости Автохимия/Масло и Жидкости/Незамерзайка; 3446
Жидкости Автохимия/Масло и Жидкости/раздатка масло; 3241
Жидкости Автохимия/Масло и Жидкости/редуктор масло; 3248
Жидкости Автохимия/Масло и Жидкости/Смазки разные; 3461
Жидкости Автохимия/Масло и Жидкости/фиксатор резьбы; 3448
Запчасти; 1
Запчасти/Аккумуляторы; 21
Запчасти/Аккумуляторы/Аккумуляторная Батарея; 1001
Запчасти/Воздушная Система; 38
Запчасти/Воздушная Система/Компрессор Воздуха; 1037
Запчасти/Выхлопная Система; 36
Запчасти/Выхлопная Система/Глушители Катализаторы ЕГР; 1013
Запчасти/Детали Двигателя; 33
Запчасти/Детали Двигателя/Блок Двигателя и Цилиндров; 1104
Запчасти/Детали Двигателя/Головка и ГРМ; 1014
Запчасти/Детали Двигателя/Детали Двигателя Разные; 1115
Запчасти/Детали Двигателя/Картер Поддон Двигателя; 1026
Запчасти/Детали Двигателя/Клапаны Разные; 1120
Запчасти/Детали Двигателя/Коленвал и Поршневая Группа; 1033
Запчасти/Детали Двигателя/Коллектор Впускной Выпускной; 1035
Запчасти/Детали Двигателя/Подушки Опоры Двигателя; 1108
Запчасти/Детали Двигателя/Прокладки Разные; 1129
Запчасти/Детали Двигателя/Распредвал и Детали; 1062
Запчасти/Детали Двигателя/Сальники Разные; 1131
Запчасти/Детали Двигателя/Сисиема Зажигания; 1116
Запчасти/Детали Двигателя/Турбина и Интеркуллер; 1091
Запчасти/Детали Двигателя/Цепи Грм; 1126
Запчасти/Инструменты; 37
Запчасти/Инструменты/Домкраты Рукоятки; 1019
Запчасти/Инструменты/Ключи Съемники; 1029
Запчасти/Колеса Шины; 22
Запчасти/Колеса Шины/Колеса Шины Диски; 1034
Запчасти/Крепеж; 42
Запчасти/Крепеж/Крепеж разный; 3443
Запчасти/Кузовные Детали; 24
Запчасти/Кузовные Детали/Антенна Наружная; 1005
Запчасти/Кузовные Детали/Багажный Отсек; 1006
Запчасти/Кузовные Детали/Бамперы и Детали; 1007
Запчасти/Кузовные Детали/Бачки Разные; 1106
Запчасти/Кузовные Детали/Брызговики Колес; 1008
Запчасти/Кузовные Детали/Дефлекторы Разные; 1017
Запчасти/Кузовные Детали/Замки Разные; 1117
Запчасти/Кузовные Детали/Зеркала и Детали Зеркал; 1022
Запчасти/Кузовные Детали/Кабина, Кузов; 1023
Запчасти/Кузовные Детали/Капот и Детали Капота; 1024
Запчасти/Кузовные Детали/Крылья Арки Подкрылки; 1040
Запчасти/Кузовные Детали/Подрамник Рама; 1053
Запчасти/Кузовные Детали/Пороги Кузова; 1054
Запчасти/Кузовные Детали/Ручки Разные; 1069
Запчасти/Кузовные Детали/Спойлеры Разные; 1078
Запчасти/Кузовные Детали/Стекла Разные; 1042
Запчасти/Кузовные Детали/Эмблеммы и Наклейки; 1096
Запчасти/Отопление Климат Контроль; 28
Запчасти/Отопление Климат Контроль/Кондиционер и Детали; 1038
Запчасти/Отопление Климат Контроль/Отопитель и Печка; 1048
Запчасти/Охлаждение; 40
Запчасти/Охлаждение/Вентиляторы Гидромуфты; 1112
Запчасти/Охлаждение/Радиатор Помпа Расширитель; 1060
Запчасти/Подвеска; 25
Запчасти/Подвеска/Амортизатор Подвески; 1003
Запчасти/Подвеска/Балансиры Подвески; 1111
Запчасти/Подвеска/Балка Подвески; 1101
Запчасти/Подвеска/Втулки Разные; 1113
Запчасти/Подвеска/Детали Подвески Разные; 1127
Запчасти/Подвеска/Подшипники Разные; 1128
Запчасти/Подвеска/Рычаги Подвески; 1070
Запчасти/Подвеска/Сайлентблоки Подвески; 1071
Запчасти/Подвеска/Стабилизатор Подвески; 1079
Запчасти/Подвеска/Шаровые Опоры; 1094
Запчасти/Рулевое Управление; 27
Запчасти/Рулевое Управление/Детали Гидроусилителя; 1012
Запчасти/Рулевое Управление/Детали Рулевого Управления; 1066
Запчасти/Салон Интерьер; 31
Запчасти/Салон Интерьер/Двери и Детали Дверей; 1016
Запчасти/Салон Интерьер/Детали Салона Разные; 1121
Запчасти/Салон Интерьер/Коврики Салона; 1031
Запчасти/Салон Интерьер/Педали и Узлы; 1050
Запчасти/Салон Интерьер/Подлокотники Подставки; 1052
Запчасти/Салон Интерьер/Сиденья и Детали; 1076
Запчасти/Салон Интерьер/Система Мультимедиа; 1098
Запчасти/Салон Интерьер/Чехлы на Сиденья; 1004
Запчасти/Салон Интерьер/бардачок; 3452
Запчасти/Салон Интерьер/воздухозаборник; 3444
Запчасти/Салон Интерьер/ручка салона; 3449
Запчасти/Салон Интерьер/педали; 3453
Запчасти/Стекла, омыватели, стеклоподъемники; 39
Запчасти/Стекла, омыватели, стеклоподъемники/Стеклоочиститель и Детали; 1081
Запчасти/Стекла, омыватели, стеклоподъемники/Стеклоподъемник и Детали; 1082
Запчасти/Топливная Система; 29
Запчасти/Топливная Система/Форсунки Топливные; 1110
Запчасти/Топливная Система/Бак Топливный и Детали; 1118
Запчасти/Топливная Система/Дроссель, Газ; 1020
Запчасти/Топливная Система/Топливный Насос; 1090
Запчасти/Тормозная Система; 23
Запчасти/Тормозная Система/ручник; 3455
Запчасти/Тормозная Система/Диски Барабаны Тормозные; 1018
Запчасти/Тормозная Система/АБС Система Тормозов; 1097
Запчасти/Тормозная Система/Колодки Тормозные Накладки; 1036
Запчасти/Тормозная Система/Ручник Тормоз Стояночный; 1123
Запчасти/Тормозная Система/Суппорт Тормозной; 1086
Запчасти/Тормозная Система/Тормозные Запчасти Разные; 1124
Запчасти/Трансмиссия; 26
Запчасти/Трансмиссия/Дифференциал и Запчасти; 1021
Запчасти/Трансмиссия/Кардан Крестовины; 1025
Запчасти/Трансмиссия/Коробка Передач и Запчасти; 1002
Запчасти/Трансмиссия/Мост и Редукторы; 1044
Запчасти/Трансмиссия/Приводы Полуоси ШРУСы; 1095
Запчасти/Трансмиссия/Раздатка и Запчасти; 1061
Запчасти/Трансмиссия/Редуктор Моста; 1064
Запчасти/Трансмиссия/Рессоры Пуружины Торсионы; 1068
Запчасти/Трансмиссия/Ступицы и Запчасти; 1085
Запчасти/Трансмиссия/Сцепление и Запчасти; 1087
Запчасти/Фары, Освещение, Сигнализация; 30
Запчасти/Фары, Освещение, Сигнализация/Лампы Фар и Подсветки; 1041
Запчасти/Фары, Освещение, Сигнализация/Поворотники Повторители; 1051
Запчасти/Фары, Освещение, Сигнализация/Фары Разные; 1107
Запчасти/Фары, Освещение, Сигнализация/Фонари и Сигнализация; 1093
Запчасти/Фильтры и Ремни; 35
Запчасти/Фильтры и Ремни/Ремни Приводные и ГРМ; 1067
Запчасти/Фильтры и Ремни/Фильтры и Корпусы Фильтров; 1092
Запчасти/Электрооборудование; 34
Запчасти/Электрооборудование/Блоки Управления; 1105
Запчасти/Электрооборудование/Выключатели Кнопки Переключатели; 1009
Запчасти/Электрооборудование/Генераторы и Запчасти; 1011
Запчасти/Электрооборудование/Датчики Разные; 1015
Запчасти/Электрооборудование/Предохранители Разные; 1055
Запчасти/Электрооборудование/Приборы и Панель Приборов; 1056
Запчасти/Электрооборудование/Прикуриватель и Детали; 1057
Запчасти/Электрооборудование/Проводка и Провода; 1058
Запчасти/Электрооборудование/Реле Разные; 1125
Запчасти/Электрооборудование/Стартер Двигателя; 1080
Запчасти/Электрооборудование/Электрические Детали Разные; 1119
