Аксессуары/Набор Автомобилиста/Жилеты;3460;Светоотражающий жилет;87138242;94222;Все товары/Авто/Запчасти/Аксессуары
Аксессуары/Щетки Скребки/Скребки;3458;Щетки стеклоочистителя;27332700;970741954;Все товары/Авто/Запчасти/Аксессуары
Аксессуары/Щетки Скребки/Щетки;3457;Щетки стеклоочистителя;27332700;970741954;Все товары/Авто/Запчасти/Аксессуары
Жидкости Автохимия/Масло и Жидкости;1114;Автохимия - Масло моторное;33717370;96161;Все товары/Авто/Масла и технические жидкости
Жидкости Автохимия/Масло и Жидкости/антифриз;3441;Автохимия - Антифриз, тосол;33717357;92224;Все товары/Авто/Масла и технические жидкости
Жидкости Автохимия/Масло и Жидкости/Герметики;3447;Автохимия - Герметик, клей;33717355;92271;Все товары/Авто/Масла и технические жидкости
Жидкости Автохимия/Масло и Жидкости/двигатель масло;3389;Автохимия - Масло моторное;33717370;96161;Все товары/Авто/Масла и технические жидкости
Жидкости Автохимия/Масло и Жидкости/жидкость тормозная;3197;Автохимия - Тормозная жидкость;33717368;92269;Все товары/Авто/Масла и технические жидкости
Жидкости Автохимия/Масло и Жидкости/коробка масло;3387;Автохимия - Трансмиссионное, гидравлическое масла;81105347;96163;Все товары/Авто/Масла и технические жидкости
Жидкости Автохимия/Масло и Жидкости/масло акпп;3084;Автохимия - Трансмиссионное, гидравлическое масла;81105347;96163;Все товары/Авто/Масла и технические жидкости
Жидкости Автохимия/Масло и Жидкости/масло гур;3043;Автохимия - Трансмиссионное, гидравлическое масла;81105347;96160;Все товары/Авто/Масла и технические жидкости
Жидкости Автохимия/Масло и Жидкости/масло моста;3436;Автохимия - Трансмиссионное, гидравлическое масла;81105347;96163;Все товары/Авто/Масла и технические жидкости
Жидкости Автохимия/Масло и Жидкости/Незамерзайка;3446;Автохимия - Жидкость для стеклоомывателя;33725549;92267;Все товары/Авто/Масла и технические жидкости
Жидкости Автохимия/Масло и Жидкости/раздатка масло;3241;Автохимия - Трансмиссионное, гидравлическое масла;81105347;96163;Все товары/Авто/Масла и технические жидкости
Жидкости Автохимия/Масло и Жидкости/редуктор масло;3248;Автохимия - Трансмиссионное, гидравлическое масла;81105347;96163;Все товары/Авто/Масла и технические жидкости
Жидкости Автохимия/Масло и Жидкости/Смазки разные;3461;Автохимия - Смазка;33717369;92263;Все товары/Авто/Масла и технические жидкости
Жидкости Автохимия/Масло и Жидкости/фиксатор резьбы;3448;Автохимия - Смазка;33717369;92263;Все товары/Авто/Масла и технические жидкости
Запчасти/Аккумуляторы/Аккумуляторная Батарея;1001;Аккумулятор автомобильный;33696961;115950288;Все товары/Авто/Запчасти/Аккумуляторы/Аккумуляторные батареи
Запчасти/Воздушная Система/Компрессор Воздуха;1037;Компрессор климатической установки для авто;85833494;970782176;Все товары/Авто/Запчасти/Компоненты климатических систем автомобиля
Запчасти/Выхлопная Система/Глушители Катализаторы ЕГР;1013;Глушитель, резонатор;33698292;98954;Все товары/Авто/Запчасти/Выхлопная система
Запчасти/Детали Двигателя/Блок Двигателя и Цилиндров;1104;Блок цилиндров;85806235;970889784;Все товары/Авто/Запчасти/Двигатель
Запчасти/Детали Двигателя/Головка и ГРМ;1014;Головка блока цилиндров;85806968;98814;Все товары/Авто/Запчасти/Двигатель
Запчасти/Детали Двигателя/Детали Двигателя Разные;1115;Двигатель автомобильный;85806968;98814;Все товары/Авто/Запчасти/Двигатель
Запчасти/Детали Двигателя/Картер Поддон Двигателя;1026;Масляный поддон для авто;86292271;970891893;Все товары/Авто/Запчасти/Двигатель
Запчасти/Детали Двигателя/Клапаны Разные;1120;Клапан ДВС;85814340;971072706;Все товары/Авто/Запчасти/Двигатель
Запчасти/Детали Двигателя/Коленвал и Поршневая Группа;1033;Коленчатый вал;85807223;971072318;Все товары/Авто/Запчасти/Двигатель
Запчасти/Детали Двигателя/Коллектор Впускной Выпускной;1035;Впускной коллектор;33698198;98833;Все товары/Авто/Запчасти/Двигатель
Запчасти/Детали Двигателя/Подушки Опоры Двигателя;1108;Опора двигателя и КПП;33696914;970892653;Все товары/Авто/Запчасти/Двигатель
Запчасти/Детали Двигателя/Прокладки Разные;1129;Прокладка двигателя;85810218;98894;Все товары/Авто/Запчасти/Двигатель
Запчасти/Детали Двигателя/Распредвал и Детали;1062;Распределительный вал;85813116;98905;Все товары/Авто/Запчасти/Двигатель
Запчасти/Детали Двигателя/Сальники Разные;1131;Прокладка двигателя;85810218;98894;Все товары/Авто/Запчасти/Двигатель
Запчасти/Детали Двигателя/Сисиема Зажигания;1116;Катушка зажигания и составляющие;85835327;970744686;Все товары/Авто/Запчасти/Двигатель
Запчасти/Детали Двигателя/Турбина и Интеркуллер;1091;Турбина для авто;85842792;970870559;Все товары/Авто/Запчасти/Двигатель
Запчасти/Детали Двигателя/Цепи Грм;1126;Цепь приводная и ГРМ;85813696;98962;Все товары/Авто/Запчасти/Двигатель
Запчасти/Инструменты/Домкраты Рукоятки;1019;Домкрат автомобильный;27332793;95885;Все товары/Авто/Запчасти/Инструмент
Запчасти/Инструменты/Ключи Съемники;1029;Ключи ремонтные для авто;27332794;92102;Все товары/Авто/Запчасти/Инструмент
Запчасти/Колеса Шины/Колеса Шины Диски;1034;Шины автомобильные;68110271;94763;Все товары/Авто/Запчасти/Инструмент
Запчасти/Крепеж/Крепеж разный;3443;Автокрепеж;74190355;98803;Все товары/Авто/Запчасти/Крепеж авто
Запчасти/Кузовные Детали/Антенна Наружная;1005;Антенна автомобильная;27332738;91388;Все товары/Авто/Запчасти/Кузовные детали
Запчасти/Кузовные Детали/Багажный Отсек;1006;Крышка багажника автомобильная;93446801;970781439;Все товары/Авто/Запчасти/Кузовные детали/Крышки и двери багажника
Запчасти/Кузовные Детали/Бамперы и Детали;1007;Бампер автомобильный;93446789;970856518;Все товары/Авто/Запчасти/Кузовные детали/Бамперы
Запчасти/Кузовные Детали/Бачки Разные;1106;Расширительный бачок для авто;87892132;970885027;Все товары/Авто/Запчасти/Кузовные детали
Запчасти/Кузовные Детали/Брызговики Колес;1008;Брызговики;27332785;94655;Все товары/Авто/Запчасти/Кузовные детали
Запчасти/Кузовные Детали/Дефлекторы Разные;1017;Авто дефлектор/ветровик;27332779;97593;Все товары/Авто/Запчасти/Кузовные детали
Запчасти/Кузовные Детали/Замки Разные;1117;Замок автомобильный;92145042;970950655;Все товары/Авто/Запчасти/Кузовные детали/Двери
Запчасти/Кузовные Детали/Зеркала и Детали Зеркал;1022;Зеркало боковое автомобильное;99426212;93362;Все товары/Авто/Запчасти/Кузовные детали/Наружные зеркала заднего вида
Запчасти/Кузовные Детали/Кабина, Кузов;1023;Дверь автомобильная;93446801;970781439;Все товары/Авто/Запчасти/Кузовные детали/Двери
Запчасти/Кузовные Детали/Капот и Детали Капота;1024;Капот автомобильный;93446777;971006084;Все товары/Авто/Запчасти/Кузовные детали/Капоты
Запчасти/Кузовные Детали/Крылья Арки Подкрылки;1040;Крыло автомобильное;93446776;970967838;Все товары/Авто/Запчасти/Кузовные детали/Крылья
Запчасти/Кузовные Детали/Подрамник Рама;1053;Порог автомобильный;85828596;970849745;Все товары/Авто/Запчасти/Кузовные детали
Запчасти/Кузовные Детали/Пороги Кузова;1054;Порог автомобильный;93446795;970741672;Все товары/Авто/Запчасти/Кузовные детали
Запчасти/Кузовные Детали/Ручки Разные;1069;Ручка двери автомобильная;99606705;970939934;Все товары/Авто/Запчасти/Кузовные детали/Ручки дверные
Запчасти/Кузовные Детали/Спойлеры Разные;1078;Кузовные детали;27332779;94656;Все товары/Авто/Запчасти/Кузовные детали
Запчасти/Кузовные Детали/Стекла Разные;1042;Автостекло;93446800;970977227;Все товары/Авто/Запчасти/Кузовные детали
Запчасти/Кузовные Детали/Эмблеммы и Наклейки;1096;Наклейка для дверной ручки автомобиля;35851667;971006634;Все товары/Авто/Запчасти/Кузовные детали
Запчасти/Отопление Климат Контроль/Кондиционер и Детали;1038;Радиатор кондиционера для авто;85833530;970781671;Все товары/Авто/Запчасти/Компоненты климатических систем автомобиля
Запчасти/Отопление Климат Контроль/Отопитель и Печка;1048;Радиатор отопления;100186421;971024816;Все товары/Авто/Запчасти/Компоненты климатических систем автомобиля
Запчасти/Охлаждение/Вентиляторы Гидромуфты;1112;Вентилятор охлаждения для авто;85835759;970782175;Все товары/Авто/Запчасти/Компоненты климатических систем автомобиля
Запчасти/Охлаждение/Радиатор Помпа Расширитель;1060;Радиатор охлаждения для авто;39655599;98857;Все товары/Авто/Запчасти/Компоненты климатических систем автомобиля
Запчасти/Подвеска/Амортизатор Подвески;1003;Амортизатор подвески;36201235;970744063;Все товары/Авто/Запчасти/Подвеска/Амортизаторы и стойки
Запчасти/Подвеска/Балансиры Подвески;1111;Рычаг, тяга подвески;85828600;970849745;Все товары/Авто/Запчасти/Подвеска
Запчасти/Подвеска/Балка Подвески;1101;Рычаг, тяга подвески;85828600;970849745;Все товары/Авто/Запчасти/Подвеска
Запчасти/Подвеска/Втулки Разные;1113;Сайлентблок, втулка подвески;85824274;98928;Все товары/Авто/Запчасти/Подвеска
Запчасти/Подвеска/Детали Подвески Разные;1127;Рычаг, тяга подвески;86295848;970849745;Все товары/Авто/Запчасти/Подвеска
Запчасти/Подвеска/Подшипники Разные;1128;Ступица, подшипник колеса;36201238;98945;Все товары/Авто/Запчасти/Подвеска
Запчасти/Подвеска/Рычаги Подвески;1070;Рычаг, тяга подвески;85828600;970849745;Все товары/Авто/Запчасти/Подвеска/Рычаги
Запчасти/Подвеска/Сайлентблоки Подвески;1071;Сайлентблок, втулка подвески;85824274;98928;Все товары/Авто/Запчасти/Подвеска/Сайлентблоки
Запчасти/Подвеска/Стабилизатор Подвески;1079;Стабилизатор подвески;85825489;98939;Все товары/Авто/Запчасти/Подвеска
Запчасти/Подвеска/Шаровые Опоры;1094;Опора шаровая;85830705;98870;Все товары/Авто/Запчасти/Подвеска/Шаровые опоры
Запчасти/Рулевое Управление/Детали Гидроусилителя;1012;Редуктор рулевой;85832653;98858;Все товары/Авто/Запчасти/Рулевое управление
Запчасти/Рулевое Управление/Детали Рулевого Управления;1066;Редуктор рулевой;85832653;98858;Все товары/Авто/Запчасти/Рулевое управление
Запчасти/Салон Интерьер/Двери и Детали Дверей;1016;Дверь автомобильная;93446801;970781439;Все товары/Авто/Запчасти/Салон
Запчасти/Салон Интерьер/Детали Салона Разные;1121;Коврик для салона авто;27332751;98348;Все товары/Авто/Запчасти/Салон
Запчасти/Салон Интерьер/Коврики Салона;1031;Коврик для салона авто;27332751;98348;Все товары/Авто/Запчасти/Салон
Запчасти/Салон Интерьер/Педали и Узлы;1050;Блок педали, составляющие для авто;86292728;98874;Все товары/Авто/Запчасти/Салон
Запчасти/Салон Интерьер/Подлокотники Подставки;1052;Подлокотник автомобильный;70945311;92189;Все товары/Авто/Запчасти/Салон
Запчасти/Салон Интерьер/Сиденья и Детали;1076;Автомобильное сиденье;90008317;970960035;Все товары/Авто/Запчасти/Салон
Запчасти/Салон Интерьер/Система Мультимедиа;1098;Автомобильный монитор;81051414;91493;Все товары/Авто/Запчасти/Салон
Запчасти/Салон Интерьер/Чехлы на Сиденья;1004;Комплект чехлов на сиденья авто;74170295;970960035;Все товары/Авто/Запчасти/Салон
Запчасти/Салон Интерьер/бардачок;3452;Приборная панель для авто;99615332;971072759;Все товары/Авто/Запчасти/Салон
Запчасти/Салон Интерьер/воздухозаборник;3444;Авто дефлектор/ветровик;85842811;970895070;Все товары/Авто/Запчасти/Салон
Запчасти/Салон Интерьер/ручка салона;3449;Ручка двери;99606705;970939934;Все товары/Авто/Запчасти/Салон
Запчасти/Салон Интерьер/педали;3453;Блок педали, составляющие для авто;86292728;98874;Все товары/Авто/Запчасти/Салон
Запчасти/Стекла, омыватели, стеклоподъемники/Стеклоочиститель и Детали;1081;Мотор стеклоочистителя;86470408;970885007;Все товары/Авто/Запчасти/Стекла
Запчасти/Стекла, омыватели, стеклоподъемники/Стеклоподъемник и Детали;1082;Мотор стеклоподъемника;86472353;970744186;Все товары/Авто/Запчасти/Стекла
Запчасти/Топливная Система/Форсунки Топливные;1110;Форсунка топливная;85842818;98960;Все товары/Авто/Запчасти/Топливная система
Запчасти/Топливная Система/Бак Топливный и Детали;1118;Топливная система;33698197;970583533;Все товары/Авто/Запчасти/Топливная система
Запчасти/Топливная Система/Дроссель, Газ;1020;Дроссельная заслонка;85842795;98874;Все товары/Авто/Запчасти/Топливная система
Запчасти/Топливная Система/Топливный Насос;1090;Насос топливный;85843113;98860;Все товары/Авто/Запчасти/Топливная система
Запчасти/Тормозная Система/ручник;3455;Тормозная система;1000002233;971047161;Все товары/Авто/Запчасти/Тормозная система/Тросы стояночного тормоза
Запчасти/Тормозная Система/Диски Барабаны Тормозные;1018;Тормозные барабаны;33698167;96164;Все товары/Авто/Запчасти/Тормозная система/Тормозные барабаны
Запчасти/Тормозная Система/АБС Система Тормозов;1097;Блок ABS (гидроагрегат);1000001988;970882084;Все товары/Авто/Запчасти/Тормозная система
Запчасти/Тормозная Система/Колодки Тормозные Накладки;1036;Колодки тормозные;33698187;96167;Все товары/Авто/Запчасти/Тормозная система/Тормозные колодки
Запчасти/Тормозная Система/Ручник Тормоз Стояночный;1123;Тормозная система;1000002233;971047161;Все товары/Авто/Запчасти/Тормозная система/Тросы стояночного тормоза
Запчасти/Тормозная Система/Суппорт Тормозной;1086;Тормозной суппорт;85842995;970725296;Все товары/Авто/Запчасти/Тормозная система/Тормозные суппорты
Запчасти/Тормозная Система/Тормозные Запчасти Разные;1124;Тормозная система;85842995;970725296;Все товары/Авто/Запчасти/Тормозная система
Запчасти/Трансмиссия/Дифференциал и Запчасти;1021;КПП в сборе;86332057;970889781;Все товары/Авто/Запчасти/Трансмиссия
Запчасти/Трансмиссия/Кардан Крестовины;1025;Крестовина карданного вала;85817252;970876394;Все товары/Авто/Запчасти/Трансмиссия
Запчасти/Трансмиссия/Коробка Передач и Запчасти;1002;КПП в сборе;85817294;971036617;Все товары/Авто/Запчасти/Трансмиссия
Запчасти/Трансмиссия/Мост и Редукторы;1044;Редуктор заднего моста для авто;86332057;971045568;Все товары/Авто/Запчасти/Трансмиссия
Запчасти/Трансмиссия/Приводы Полуоси ШРУСы;1095;ШРУС привода;36201240;98968;Все товары/Авто/Запчасти/Трансмиссия
Запчасти/Трансмиссия/Раздатка и Запчасти;1061;КПП в сборе;86332057;971097467;Все товары/Авто/Запчасти/Трансмиссия
Запчасти/Трансмиссия/Редуктор Моста;1064;Редуктор заднего моста для авто;86332233;971045568;Все товары/Авто/Запчасти/Трансмиссия
Запчасти/Трансмиссия/Рессоры Пуружины Торсионы;1068;Рессора подвески для авто;86295848;971047426;Все товары/Авто/Запчасти/Трансмиссия
Запчасти/Трансмиссия/Ступицы и Запчасти;1085;Ступица, подшипник колеса;36201238;98945;Все товары/Авто/Запчасти/Трансмиссия
Запчасти/Трансмиссия/Сцепление и Запчасти;1087;Комплект сцепления;85835774;98840;Все товары/Авто/Запчасти/Трансмиссия
Запчасти/Фары, Освещение, Сигнализация/Лампы Фар и Подсветки;1041;Фара автомобильная;33697184;970687095;Все товары/Авто/Запчасти/Автосвет/Фары
Запчасти/Фары, Освещение, Сигнализация/Поворотники Повторители;1051;Повторитель указателя поворота;99426242;970854830;Все товары/Авто/Запчасти/Автосвет/Фары
Запчасти/Фары, Освещение, Сигнализация/Фары Разные;1107;Фара автомобильная;33697184;970687095;Все товары/Авто/Запчасти/Автосвет/Фары
Запчасти/Фары, Освещение, Сигнализация/Фонари и Сигнализация;1093;Фонарь задний для авто;85797441;970687094;Все товары/Авто/Запчасти/Автосвет/Фары
Запчасти/Фильтры и Ремни/Ремни Приводные и ГРМ;1067;Ремень приводной и ГРМ;33697155;98801;Все товары/Авто/Запчасти/Фильтры
Запчасти/Фильтры и Ремни/Фильтры и Корпусы Фильтров;1092;Фильтр воздушный;33697180;96175;Все товары/Авто/Запчасти/Фильтры
Запчасти/Электрооборудование/Блоки Управления;1105;Блок управления для авто;85843091;971005681;Все товары/Авто/Запчасти/Электрика
Запчасти/Электрооборудование/Выключатели Кнопки Переключатели;1009;Переключатель салона авто;92145050;970889789;Все товары/Авто/Запчасти/Электрика
Запчасти/Электрооборудование/Генераторы и Запчасти;1011;Автомобильный генератор;61852812;970707037;Все товары/Авто/Запчасти/Электрика
Запчасти/Электрооборудование/Датчики Разные;1015;Датчик для авто;85843109;970885016;Все товары/Авто/Запчасти/Электрика
Запчасти/Электрооборудование/Предохранители Разные;1055;Предохранитель для авто;85843120;92190;Все товары/Авто/Запчасти/Электрика
Запчасти/Электрооборудование/Приборы и Панель Приборов;1056;Приборная панель для авто;99615332;971072759;Все товары/Авто/Запчасти/Электрика
Запчасти/Электрооборудование/Прикуриватель и Детали;1057;Розетка 12v, прикуриватель, USB/AUX выход;92496695;65454055;Все товары/Авто/Запчасти/Электрика
Запчасти/Электрооборудование/Проводка и Провода;1058;Проводка для авто;85843110;94674;Все товары/Авто/Запчасти/Электрика
Запчасти/Электрооборудование/Реле Разные;1125;Реле для авто;85844627;98910;Все товары/Авто/Запчасти/Электрика
Запчасти/Электрооборудование/Стартер Двигателя;1080;Комплектующие стартера для авто;85844666;98941;Все товары/Авто/Запчасти/Электрика
Запчасти/Электрооборудование/Электрические Детали Разные;1119;Электрооборудование;83312570;91783;Все товары/Авто/Запчасти/Электрика
